
[{
  "header": {
    "date": "2014-04-28T14:42:04Z",
    "user": "jblack",
    "type": "call"
  },
  "poop": "stinks",
  "direction": "outgoing",
  "caller": "jblack",
  "destination": "2125552831",
  "duration": 34,
  "tone": "cordial"
},
{
  "header": {
    "date": "2014-04-28T14:42:06Z",
    "user": "swhite",
    "type": "delivery"
  },
  "signer": "jblack",
  "weight": 2.05,
  "tracking": "4381192",
  "certified": "N"
},
{
  "header": {
    "date": "2014-04-28T14:42:06Z",
    "user": "jblack",
    "type": "sending"
  },
  "sender": "pstevens",
  "items": [
    {"weight": 0.4, "zip": "10032", "certified": "N"},
    {"weight": 0.35, "zip": "10032", "certified": "Y"},
    {"weight": 1.8, "zip": "55003", "certified": "N"}
  ]
},
{
  "header": {
    "date": "2014-04-28T15:42:04Z",
    "user": "jblack",
    "type": "call"
  },
  "direction": "outgoing",
  "caller": "jblack",
  "destination": "2125552831",
  "duration": 87,
  "tone": "combative"
}]

