
[
  {
    "html_url": "https://github.com/stedolan/jq/commit/54b9c9bdb225af5d886466d72f47eafc51acb4f7",
    "url": "https://api.github.com/repos/stedolan/jq/commits/54b9c9bdb225af5d886466d72f47eafc51acb4f7",
    "sha": "54b9c9bdb225af5d886466d72f47eafc51acb4f7"
  },
  {
    "html_url": "https://github.com/stedolan/jq/commit/8b1b503609c161fea4b003a7179b3fbb2dd4345a",
    "url": "https://api.github.com/repos/stedolan/jq/commits/8b1b503609c161fea4b003a7179b3fbb2dd4345a",
    "sha": "8b1b503609c161fea4b003a7179b3fbb2dd4345a"
  }
]

